<?xml version="1.0" encoding="UTF-8"?>
<project-private xmlns="http://www.netbeans.org/ns/project-private/1">
    <editor-bookmarks xmlns="http://www.netbeans.org/ns/editor-bookmarks/2" lastBookmarkId="0"/>
    <open-files xmlns="http://www.netbeans.org/ns/projectui-open-files/2">
        <group>
            <file>file:/Users/NRNirmala/NetBeansProjects/Assignment2/sampathkumar_anirudh_002762139/Med_GUI/src/UI_Info/LoginJFrame.java</file>
            <file>file:/Users/NRNirmala/NetBeansProjects/Assignment2/sampathkumar_anirudh_002762139/Med_GUI/src/Location_Info/City.java</file>
            <file>file:/Users/NRNirmala/NetBeansProjects/Assignment2/sampathkumar_anirudh_002762139/Med_GUI/src/Person_Info/PersonDirectory.java</file>
            <file>file:/Users/NRNirmala/NetBeansProjects/Assignment2/sampathkumar_anirudh_002762139/Med_GUI/src/Person_Info/Doctor.java</file>
            <file>file:/Users/NRNirmala/NetBeansProjects/Assignment2/sampathkumar_anirudh_002762139/Med_GUI/src/Location_Info/House.java</file>
            <file>file:/Users/NRNirmala/NetBeansProjects/Assignment2/sampathkumar_anirudh_002762139/Med_GUI/src/Location_Info/Community.java</file>
            <file>file:/Users/NRNirmala/NetBeansProjects/Assignment2/sampathkumar_anirudh_002762139/Med_GUI/src/Person_Info/PatientDirectory.java</file>
            <file>file:/Users/NRNirmala/NetBeansProjects/Assignment2/sampathkumar_anirudh_002762139/Med_GUI/src/Location_Info/Hospital.java</file>
            <file>file:/Users/NRNirmala/NetBeansProjects/Assignment2/sampathkumar_anirudh_002762139/Med_GUI/src/System_Info/SystemData.java</file>
            <file>file:/Users/NRNirmala/NetBeansProjects/Assignment2/sampathkumar_anirudh_002762139/Med_GUI/src/Person_Info/Person.java</file>
            <file>file:/Users/NRNirmala/NetBeansProjects/Assignment2/sampathkumar_anirudh_002762139/Med_GUI/src/Location_Info/HospitalDirectory.java</file>
        </group>
    </open-files>
</project-private>
